id,id_rating_count,id_rating_avg,ng_rating_count,ng_rating_avg,neighbourhood_group
5483148.0,1,4.59,225.0,4.6577040816326525,Kreis 1
16263857.0,1,4.6,225.0,4.6577040816326525,Kreis 1
10382963.0,1,4.78,225.0,4.6577040816326525,Kreis 1
2920505.0,1,4.54,225.0,4.6577040816326525,Kreis 1
2962635.0,1,4.3,225.0,4.6577040816326525,Kreis 1
2920780.0,1,4.71,225.0,4.6577040816326525,Kreis 1
27595070.0,1,4.56,225.0,4.6577040816326525,Kreis 1
10047320.0,1,4.68,225.0,4.6577040816326525,Kreis 1
17506390.0,1,4.53,225.0,4.6577040816326525,Kreis 1
5687423.0,1,4.84,225.0,4.6577040816326525,Kreis 1
2920543.0,1,4.48,225.0,4.6577040816326525,Kreis 1
2759581.0,1,4.72,225.0,4.6577040816326525,Kreis 1
43790602.0,1,3.9,225.0,4.6577040816326525,Kreis 1
53164879.0,1,4.0,225.0,4.6577040816326525,Kreis 1
52849703.0,1,,225.0,4.6577040816326525,Kreis 1
2920742.0,1,4.47,225.0,4.6577040816326525,Kreis 1
22394369.0,1,4.41,225.0,4.6577040816326525,Kreis 1
20079919.0,1,4.95,225.0,4.6577040816326525,Kreis 1
41872839.0,1,4.4,225.0,4.6577040816326525,Kreis 1
52546817.0,1,,225.0,4.6577040816326525,Kreis 1
35123328.0,1,4.98,225.0,4.6577040816326525,Kreis 1
47168882.0,1,4.82,225.0,4.6577040816326525,Kreis 1
50406606.0,1,,225.0,4.6577040816326525,Kreis 1
41223016.0,1,4.42,225.0,4.6577040816326525,Kreis 1
19064159.0,1,,225.0,4.6577040816326525,Kreis 1
5209282.0,1,4.72,225.0,4.6577040816326525,Kreis 1
51064700.0,1,4.33,225.0,4.6577040816326525,Kreis 1
41918871.0,1,4.62,225.0,4.6577040816326525,Kreis 1
283737.0,1,4.47,225.0,4.6577040816326525,Kreis 1
13307128.0,1,5.0,225.0,4.6577040816326525,Kreis 1
43129826.0,1,5.0,225.0,4.6577040816326525,Kreis 1
13980689.0,1,4.78,225.0,4.6577040816326525,Kreis 1
43093457.0,1,4.58,225.0,4.6577040816326525,Kreis 1
2920698.0,1,4.7,225.0,4.6577040816326525,Kreis 1
20020539.0,1,4.82,225.0,4.6577040816326525,Kreis 1
13517210.0,1,4.67,225.0,4.6577040816326525,Kreis 1
23035346.0,1,4.68,225.0,4.6577040816326525,Kreis 1
8158459.0,1,4.74,225.0,4.6577040816326525,Kreis 1
47987004.0,1,,225.0,4.6577040816326525,Kreis 1
41150515.0,1,5.0,225.0,4.6577040816326525,Kreis 1
4797373.0,1,4.67,225.0,4.6577040816326525,Kreis 1
50050472.0,1,4.71,225.0,4.6577040816326525,Kreis 1
47557070.0,1,4.9,225.0,4.6577040816326525,Kreis 1
45764126.0,1,4.84,225.0,4.6577040816326525,Kreis 1
10762056.0,1,4.6,225.0,4.6577040816326525,Kreis 1
2470664.0,1,4.61,225.0,4.6577040816326525,Kreis 1
17854285.0,1,4.81,225.0,4.6577040816326525,Kreis 1
8971198.0,1,4.82,225.0,4.6577040816326525,Kreis 1
6862908.0,1,4.8,225.0,4.6577040816326525,Kreis 1
43130528.0,1,4.63,225.0,4.6577040816326525,Kreis 1
38540843.0,1,4.27,225.0,4.6577040816326525,Kreis 1
26195945.0,1,4.93,225.0,4.6577040816326525,Kreis 1
51147408.0,1,4.97,225.0,4.6577040816326525,Kreis 1
7841685.0,1,4.83,225.0,4.6577040816326525,Kreis 1
51219779.0,1,4.69,225.0,4.6577040816326525,Kreis 1
45701656.0,1,4.73,225.0,4.6577040816326525,Kreis 1
17960665.0,1,4.68,225.0,4.6577040816326525,Kreis 1
17739331.0,1,4.74,225.0,4.6577040816326525,Kreis 1
11597416.0,1,4.92,225.0,4.6577040816326525,Kreis 1
4246456.0,1,4.43,225.0,4.6577040816326525,Kreis 1
7232723.0,1,4.89,225.0,4.6577040816326525,Kreis 1
43144750.0,1,4.81,225.0,4.6577040816326525,Kreis 1
39828123.0,1,4.43,225.0,4.6577040816326525,Kreis 1
52523797.0,1,4.74,225.0,4.6577040816326525,Kreis 1
17954448.0,1,,225.0,4.6577040816326525,Kreis 1
33150798.0,1,4.68,225.0,4.6577040816326525,Kreis 1
14896152.0,1,4.5,225.0,4.6577040816326525,Kreis 1
51264116.0,1,4.32,225.0,4.6577040816326525,Kreis 1
43146058.0,1,4.87,225.0,4.6577040816326525,Kreis 1
310964.0,1,4.92,225.0,4.6577040816326525,Kreis 1
45664571.0,1,,225.0,4.6577040816326525,Kreis 1
9785013.0,1,4.57,225.0,4.6577040816326525,Kreis 1
45935492.0,1,4.58,225.0,4.6577040816326525,Kreis 1
49201447.0,1,5.0,225.0,4.6577040816326525,Kreis 1
50101353.0,1,5.0,225.0,4.6577040816326525,Kreis 1
8370018.0,1,4.8,225.0,4.6577040816326525,Kreis 1
43445690.0,1,,225.0,4.6577040816326525,Kreis 1
23325594.0,1,4.95,225.0,4.6577040816326525,Kreis 1
23323768.0,1,4.75,225.0,4.6577040816326525,Kreis 1
23324274.0,1,4.98,225.0,4.6577040816326525,Kreis 1
23322898.0,1,4.87,225.0,4.6577040816326525,Kreis 1
13514089.0,1,4.81,225.0,4.6577040816326525,Kreis 1
43093051.0,1,4.78,225.0,4.6577040816326525,Kreis 1
2920806.0,1,4.5,225.0,4.6577040816326525,Kreis 1
4796892.0,1,4.5,225.0,4.6577040816326525,Kreis 1
34283991.0,1,4.88,225.0,4.6577040816326525,Kreis 1
38567062.0,1,,225.0,4.6577040816326525,Kreis 1
253802.0,1,5.0,225.0,4.6577040816326525,Kreis 1
1880893.0,1,4.47,225.0,4.6577040816326525,Kreis 1
13092242.0,1,4.18,225.0,4.6577040816326525,Kreis 1
41918857.0,1,4.43,225.0,4.6577040816326525,Kreis 1
2836559.0,1,4.88,225.0,4.6577040816326525,Kreis 1
38660605.0,1,4.6,225.0,4.6577040816326525,Kreis 1
42803662.0,1,4.45,225.0,4.6577040816326525,Kreis 1
13163060.0,1,4.66,225.0,4.6577040816326525,Kreis 1
45920313.0,1,4.31,225.0,4.6577040816326525,Kreis 1
43264425.0,1,5.0,225.0,4.6577040816326525,Kreis 1
40770131.0,1,,225.0,4.6577040816326525,Kreis 1
26142789.0,1,4.24,225.0,4.6577040816326525,Kreis 1
40855422.0,1,5.0,225.0,4.6577040816326525,Kreis 1
18456292.0,1,5.0,225.0,4.6577040816326525,Kreis 1
50266705.0,1,4.5,225.0,4.6577040816326525,Kreis 1
35831060.0,1,4.93,225.0,4.6577040816326525,Kreis 1
13432999.0,1,4.8,225.0,4.6577040816326525,Kreis 1
2668952.0,1,4.54,225.0,4.6577040816326525,Kreis 1
44606356.0,1,,225.0,4.6577040816326525,Kreis 1
35835296.0,1,4.96,225.0,4.6577040816326525,Kreis 1
35834410.0,1,5.0,225.0,4.6577040816326525,Kreis 1
1834747.0,1,4.83,225.0,4.6577040816326525,Kreis 1
19310604.0,1,4.79,225.0,4.6577040816326525,Kreis 1
6046542.0,1,4.26,225.0,4.6577040816326525,Kreis 1
12860185.0,1,4.72,225.0,4.6577040816326525,Kreis 1
40770515.0,1,5.0,225.0,4.6577040816326525,Kreis 1
43703654.0,1,5.0,225.0,4.6577040816326525,Kreis 1
25444276.0,1,3.8,225.0,4.6577040816326525,Kreis 1
45541437.0,1,5.0,225.0,4.6577040816326525,Kreis 1
19359438.0,1,4.65,250.0,4.806900584795322,Kreis 2
48808760.0,1,,250.0,4.806900584795322,Kreis 2
49685342.0,1,5.0,250.0,4.806900584795322,Kreis 2
17267151.0,1,4.8,250.0,4.806900584795322,Kreis 2
42788622.0,1,4.68,250.0,4.806900584795322,Kreis 2
42372562.0,1,4.75,250.0,4.806900584795322,Kreis 2
52962903.0,1,4.82,250.0,4.806900584795322,Kreis 2
53820070.0,1,,250.0,4.806900584795322,Kreis 2
35777513.0,1,4.65,250.0,4.806900584795322,Kreis 2
49224305.0,1,4.86,250.0,4.806900584795322,Kreis 2
40341500.0,1,4.78,250.0,4.806900584795322,Kreis 2
178448.0,1,4.89,250.0,4.806900584795322,Kreis 2
42788275.0,1,4.64,250.0,4.806900584795322,Kreis 2
13857928.0,1,4.31,250.0,4.806900584795322,Kreis 2
40572934.0,1,4.96,250.0,4.806900584795322,Kreis 2
30901675.0,1,5.0,250.0,4.806900584795322,Kreis 2
12819700.0,1,4.94,250.0,4.806900584795322,Kreis 2
44202450.0,1,5.0,250.0,4.806900584795322,Kreis 2
53879023.0,1,4.0,250.0,4.806900584795322,Kreis 2
44146398.0,1,5.0,250.0,4.806900584795322,Kreis 2
39839466.0,1,4.96,250.0,4.806900584795322,Kreis 2
50496017.0,1,4.0,250.0,4.806900584795322,Kreis 2
49540707.0,1,,250.0,4.806900584795322,Kreis 2
36123934.0,1,4.83,250.0,4.806900584795322,Kreis 2
20098001.0,1,4.5,250.0,4.806900584795322,Kreis 2
50905553.0,1,5.0,250.0,4.806900584795322,Kreis 2
39587270.0,1,,250.0,4.806900584795322,Kreis 2
31445961.0,1,5.0,250.0,4.806900584795322,Kreis 2
42788533.0,1,4.67,250.0,4.806900584795322,Kreis 2
14113525.0,1,4.73,250.0,4.806900584795322,Kreis 2
50984800.0,1,5.0,250.0,4.806900584795322,Kreis 2
14456811.0,1,4.85,250.0,4.806900584795322,Kreis 2
38539804.0,1,5.0,250.0,4.806900584795322,Kreis 2
45653531.0,1,4.95,250.0,4.806900584795322,Kreis 2
51495698.0,1,4.0,250.0,4.806900584795322,Kreis 2
4531677.0,1,4.54,250.0,4.806900584795322,Kreis 2
46524637.0,1,4.97,250.0,4.806900584795322,Kreis 2
22778929.0,1,,250.0,4.806900584795322,Kreis 2
42013211.0,1,4.98,250.0,4.806900584795322,Kreis 2
53253600.0,1,5.0,250.0,4.806900584795322,Kreis 2
13740005.0,1,4.74,250.0,4.806900584795322,Kreis 2
1992345.0,1,5.0,250.0,4.806900584795322,Kreis 2
5779827.0,1,4.93,250.0,4.806900584795322,Kreis 2
41396272.0,1,4.89,250.0,4.806900584795322,Kreis 2
53857785.0,1,4.6,250.0,4.806900584795322,Kreis 2
40582267.0,1,4.77,250.0,4.806900584795322,Kreis 2
16940188.0,1,4.4,250.0,4.806900584795322,Kreis 2
17486280.0,1,5.0,250.0,4.806900584795322,Kreis 2
17083952.0,1,4.94,250.0,4.806900584795322,Kreis 2
40582771.0,1,4.83,250.0,4.806900584795322,Kreis 2
29770166.0,1,4.9,250.0,4.806900584795322,Kreis 2
53326254.0,1,,250.0,4.806900584795322,Kreis 2
22261444.0,1,5.0,250.0,4.806900584795322,Kreis 2
32626611.0,1,4.72,250.0,4.806900584795322,Kreis 2
26812516.0,1,4.8,250.0,4.806900584795322,Kreis 2
29769890.0,1,5.0,250.0,4.806900584795322,Kreis 2
43683848.0,1,4.52,250.0,4.806900584795322,Kreis 2
39663692.0,1,5.0,250.0,4.806900584795322,Kreis 2
40580450.0,1,4.84,250.0,4.806900584795322,Kreis 2
22694368.0,1,,250.0,4.806900584795322,Kreis 2
51551928.0,1,4.94,250.0,4.806900584795322,Kreis 2
18780797.0,1,5.0,250.0,4.806900584795322,Kreis 2
36027682.0,1,5.0,250.0,4.806900584795322,Kreis 2
33067330.0,1,4.14,250.0,4.806900584795322,Kreis 2
18845736.0,1,5.0,250.0,4.806900584795322,Kreis 2
42579959.0,1,5.0,250.0,4.806900584795322,Kreis 2
16329215.0,1,4.98,250.0,4.806900584795322,Kreis 2
40579348.0,1,4.81,250.0,4.806900584795322,Kreis 2
51257976.0,1,,250.0,4.806900584795322,Kreis 2
42890195.0,1,5.0,250.0,4.806900584795322,Kreis 2
10418945.0,1,4.72,250.0,4.806900584795322,Kreis 2
27986363.0,1,4.89,250.0,4.806900584795322,Kreis 2
1478873.0,1,4.73,250.0,4.806900584795322,Kreis 2
2679799.0,1,4.94,250.0,4.806900584795322,Kreis 2
32880154.0,1,4.85,250.0,4.806900584795322,Kreis 2
22280702.0,1,,250.0,4.806900584795322,Kreis 2
40544740.0,1,4.8,250.0,4.806900584795322,Kreis 2
22171638.0,1,5.0,250.0,4.806900584795322,Kreis 2
13353575.0,1,4.86,250.0,4.806900584795322,Kreis 2
24787409.0,1,5.0,250.0,4.806900584795322,Kreis 2
26954275.0,1,4.9,250.0,4.806900584795322,Kreis 2
39651555.0,1,4.85,250.0,4.806900584795322,Kreis 2
43310883.0,1,,250.0,4.806900584795322,Kreis 2
12617563.0,1,,250.0,4.806900584795322,Kreis 2
51279609.0,1,5.0,250.0,4.806900584795322,Kreis 2
43212796.0,1,5.0,250.0,4.806900584795322,Kreis 2
15724194.0,1,,250.0,4.806900584795322,Kreis 2
815055.0,1,4.83,250.0,4.806900584795322,Kreis 2
18779748.0,1,4.62,250.0,4.806900584795322,Kreis 2
5307932.0,1,4.67,250.0,4.806900584795322,Kreis 2
54117648.0,1,,250.0,4.806900584795322,Kreis 2
10701017.0,1,4.86,250.0,4.806900584795322,Kreis 2
21235902.0,1,,457.0,4.679259259259259,Kreis 3
8926048.0,1,4.83,457.0,4.679259259259259,Kreis 3
43297164.0,1,5.0,457.0,4.679259259259259,Kreis 3
50743403.0,1,5.0,457.0,4.679259259259259,Kreis 3
2082084.0,1,4.74,457.0,4.679259259259259,Kreis 3
7746167.0,1,4.98,457.0,4.679259259259259,Kreis 3
50219755.0,1,4.8,457.0,4.679259259259259,Kreis 3
46215566.0,1,4.83,457.0,4.679259259259259,Kreis 3
751660.0,1,4.92,457.0,4.679259259259259,Kreis 3
19618198.0,1,5.0,457.0,4.679259259259259,Kreis 3
17471935.0,1,4.29,457.0,4.679259259259259,Kreis 3
13821357.0,1,4.94,457.0,4.679259259259259,Kreis 3
19678667.0,1,4.61,457.0,4.679259259259259,Kreis 3
12316807.0,1,4.0,457.0,4.679259259259259,Kreis 3
23424207.0,1,4.73,457.0,4.679259259259259,Kreis 3
50824279.0,1,4.92,457.0,4.679259259259259,Kreis 3
15039385.0,1,4.5,457.0,4.679259259259259,Kreis 3
606954.0,1,5.0,457.0,4.679259259259259,Kreis 3
15250857.0,1,4.67,457.0,4.679259259259259,Kreis 3
11397175.0,1,4.83,457.0,4.679259259259259,Kreis 3
29990461.0,1,4.79,457.0,4.679259259259259,Kreis 3
52081914.0,1,4.67,457.0,4.679259259259259,Kreis 3
52360195.0,1,4.69,457.0,4.679259259259259,Kreis 3
31658829.0,1,,457.0,4.679259259259259,Kreis 3
17428463.0,1,4.75,457.0,4.679259259259259,Kreis 3
53873626.0,1,5.0,457.0,4.679259259259259,Kreis 3
21507871.0,1,4.77,457.0,4.679259259259259,Kreis 3
33207907.0,1,,457.0,4.679259259259259,Kreis 3
736917.0,1,5.0,457.0,4.679259259259259,Kreis 3
47812558.0,1,5.0,457.0,4.679259259259259,Kreis 3
22566124.0,1,4.7,457.0,4.679259259259259,Kreis 3
52824419.0,1,,457.0,4.679259259259259,Kreis 3
51222573.0,1,4.89,457.0,4.679259259259259,Kreis 3
41773740.0,1,4.91,457.0,4.679259259259259,Kreis 3
29990566.0,1,4.6,457.0,4.679259259259259,Kreis 3
14998360.0,1,,457.0,4.679259259259259,Kreis 3
43450418.0,1,4.95,457.0,4.679259259259259,Kreis 3
49102259.0,1,4.89,457.0,4.679259259259259,Kreis 3
44240562.0,1,4.93,457.0,4.679259259259259,Kreis 3
38567484.0,1,4.63,457.0,4.679259259259259,Kreis 3
43322730.0,1,4.47,457.0,4.679259259259259,Kreis 3
17138503.0,1,4.9,457.0,4.679259259259259,Kreis 3
46168649.0,1,5.0,457.0,4.679259259259259,Kreis 3
30396361.0,1,4.58,457.0,4.679259259259259,Kreis 3
9005395.0,1,4.79,457.0,4.679259259259259,Kreis 3
41516267.0,1,4.0,457.0,4.679259259259259,Kreis 3
20779394.0,1,4.84,457.0,4.679259259259259,Kreis 3
54368874.0,1,5.0,457.0,4.679259259259259,Kreis 3
73282.0,1,4.78,457.0,4.679259259259259,Kreis 3
15519676.0,1,4.61,457.0,4.679259259259259,Kreis 3
43672005.0,1,,457.0,4.679259259259259,Kreis 3
54153366.0,1,,457.0,4.679259259259259,Kreis 3
45309052.0,1,4.18,457.0,4.679259259259259,Kreis 3
44601499.0,1,5.0,457.0,4.679259259259259,Kreis 3
19904561.0,1,4.93,457.0,4.679259259259259,Kreis 3
27151703.0,1,4.5,457.0,4.679259259259259,Kreis 3
5609431.0,1,5.0,457.0,4.679259259259259,Kreis 3
3857206.0,1,4.87,457.0,4.679259259259259,Kreis 3
24256245.0,1,5.0,457.0,4.679259259259259,Kreis 3
29926557.0,1,4.56,457.0,4.679259259259259,Kreis 3
49068853.0,1,5.0,457.0,4.679259259259259,Kreis 3
53337681.0,1,,457.0,4.679259259259259,Kreis 3
4666318.0,1,5.0,457.0,4.679259259259259,Kreis 3
36477818.0,1,4.96,457.0,4.679259259259259,Kreis 3
41779957.0,1,4.76,457.0,4.679259259259259,Kreis 3
48372051.0,1,,457.0,4.679259259259259,Kreis 3
15879427.0,1,4.71,457.0,4.679259259259259,Kreis 3
14171312.0,1,4.86,457.0,4.679259259259259,Kreis 3
12714453.0,1,5.0,457.0,4.679259259259259,Kreis 3
52270503.0,1,,457.0,4.679259259259259,Kreis 3
25878304.0,1,4.91,457.0,4.679259259259259,Kreis 3
40267895.0,1,4.96,457.0,4.679259259259259,Kreis 3
37115599.0,1,4.81,457.0,4.679259259259259,Kreis 3
743035.0,1,4.37,457.0,4.679259259259259,Kreis 3
51898754.0,1,4.81,457.0,4.679259259259259,Kreis 3
54244320.0,1,,457.0,4.679259259259259,Kreis 3
29247978.0,1,4.82,457.0,4.679259259259259,Kreis 3
29232857.0,1,4.94,457.0,4.679259259259259,Kreis 3
13842275.0,1,4.81,457.0,4.679259259259259,Kreis 3
29150595.0,1,4.73,457.0,4.679259259259259,Kreis 3
1473567.0,1,4.62,457.0,4.679259259259259,Kreis 3
38159610.0,1,4.77,457.0,4.679259259259259,Kreis 3
644888.0,1,4.8,457.0,4.679259259259259,Kreis 3
41309079.0,1,5.0,457.0,4.679259259259259,Kreis 3
47514317.0,1,5.0,457.0,4.679259259259259,Kreis 3
48879374.0,1,,457.0,4.679259259259259,Kreis 3
6293591.0,1,4.45,457.0,4.679259259259259,Kreis 3
44475804.0,1,5.0,457.0,4.679259259259259,Kreis 3
40352873.0,1,4.75,457.0,4.679259259259259,Kreis 3
19220952.0,1,4.58,457.0,4.679259259259259,Kreis 3
30395916.0,1,4.52,457.0,4.679259259259259,Kreis 3
45131081.0,1,4.0,457.0,4.679259259259259,Kreis 3
19081523.0,1,5.0,457.0,4.679259259259259,Kreis 3
38571091.0,1,5.0,457.0,4.679259259259259,Kreis 3
10095770.0,1,4.82,457.0,4.679259259259259,Kreis 3
37451284.0,1,5.0,457.0,4.679259259259259,Kreis 3
36963386.0,1,4.76,457.0,4.679259259259259,Kreis 3
53754015.0,1,4.8,457.0,4.679259259259259,Kreis 3
18178310.0,1,4.81,457.0,4.679259259259259,Kreis 3
17648054.0,1,4.93,457.0,4.679259259259259,Kreis 3
31773907.0,1,5.0,457.0,4.679259259259259,Kreis 3
33360025.0,1,4.73,457.0,4.679259259259259,Kreis 3
29655342.0,1,4.94,457.0,4.679259259259259,Kreis 3
45821213.0,1,4.92,457.0,4.679259259259259,Kreis 3
29142984.0,1,4.83,457.0,4.679259259259259,Kreis 3
19755371.0,1,4.9,457.0,4.679259259259259,Kreis 3
24239960.0,1,4.39,457.0,4.679259259259259,Kreis 3
51123412.0,1,,457.0,4.679259259259259,Kreis 3
17915734.0,1,5.0,457.0,4.679259259259259,Kreis 3
15172572.0,1,4.92,457.0,4.679259259259259,Kreis 3
30395219.0,1,4.56,457.0,4.679259259259259,Kreis 3
14437525.0,1,4.76,457.0,4.679259259259259,Kreis 3
53140361.0,1,5.0,457.0,4.679259259259259,Kreis 3
34571687.0,1,4.63,457.0,4.679259259259259,Kreis 3
2021797.0,1,4.54,457.0,4.679259259259259,Kreis 3
13071400.0,1,4.94,457.0,4.679259259259259,Kreis 3
53470049.0,1,4.95,457.0,4.679259259259259,Kreis 3
39170245.0,1,5.0,457.0,4.679259259259259,Kreis 3
43314656.0,1,4.83,457.0,4.679259259259259,Kreis 3
36963314.0,1,,457.0,4.679259259259259,Kreis 3
22680208.0,1,5.0,457.0,4.679259259259259,Kreis 3
20438205.0,1,5.0,457.0,4.679259259259259,Kreis 3
23422713.0,1,4.75,457.0,4.679259259259259,Kreis 3
24054809.0,1,4.77,457.0,4.679259259259259,Kreis 3
143821.0,1,,457.0,4.679259259259259,Kreis 3
36583116.0,1,4.6,457.0,4.679259259259259,Kreis 3
54179450.0,1,4.39,457.0,4.679259259259259,Kreis 3
32523536.0,1,4.49,457.0,4.679259259259259,Kreis 3
30396563.0,1,4.38,457.0,4.679259259259259,Kreis 3
45766108.0,1,4.92,457.0,4.679259259259259,Kreis 3
33326644.0,1,4.0,457.0,4.679259259259259,Kreis 3
53702202.0,1,4.94,375.0,4.793110367892978,Kreis 4
38155146.0,1,4.5,375.0,4.793110367892978,Kreis 4
50826063.0,1,,375.0,4.793110367892978,Kreis 4
37681856.0,1,4.67,375.0,4.793110367892978,Kreis 4
35090572.0,1,5.0,375.0,4.793110367892978,Kreis 4
18233101.0,1,4.9,375.0,4.793110367892978,Kreis 4
18084476.0,1,,375.0,4.793110367892978,Kreis 4
30686329.0,1,,375.0,4.793110367892978,Kreis 4
21314940.0,1,4.77,375.0,4.793110367892978,Kreis 4
5081849.0,1,4.87,375.0,4.793110367892978,Kreis 4
51159237.0,1,4.96,375.0,4.793110367892978,Kreis 4
21294062.0,1,4.82,375.0,4.793110367892978,Kreis 4
13895923.0,1,4.67,375.0,4.793110367892978,Kreis 4
9245379.0,1,4.46,375.0,4.793110367892978,Kreis 4
23867310.0,1,4.88,375.0,4.793110367892978,Kreis 4
24366384.0,1,4.77,375.0,4.793110367892978,Kreis 4
48022280.0,1,4.87,375.0,4.793110367892978,Kreis 4
37899561.0,1,4.91,375.0,4.793110367892978,Kreis 4
27095872.0,1,4.83,375.0,4.793110367892978,Kreis 4
40835483.0,1,,375.0,4.793110367892978,Kreis 4
46729788.0,1,4.91,375.0,4.793110367892978,Kreis 4
46722307.0,1,4.5,375.0,4.793110367892978,Kreis 4
46674681.0,1,5.0,375.0,4.793110367892978,Kreis 4
49960990.0,1,4.75,375.0,4.793110367892978,Kreis 4
22603157.0,1,4.79,375.0,4.793110367892978,Kreis 4
52105457.0,1,5.0,375.0,4.793110367892978,Kreis 4
8392091.0,1,5.0,375.0,4.793110367892978,Kreis 4
40797750.0,1,4.76,375.0,4.793110367892978,Kreis 4
42211593.0,1,5.0,375.0,4.793110367892978,Kreis 4
27575274.0,1,4.9,375.0,4.793110367892978,Kreis 4
40321470.0,1,5.0,375.0,4.793110367892978,Kreis 4
28196760.0,1,5.0,375.0,4.793110367892978,Kreis 4
37762897.0,1,4.92,375.0,4.793110367892978,Kreis 4
48111383.0,1,,375.0,4.793110367892978,Kreis 4
36624110.0,1,4.81,375.0,4.793110367892978,Kreis 4
20013495.0,1,,375.0,4.793110367892978,Kreis 4
52832623.0,1,5.0,375.0,4.793110367892978,Kreis 4
35873928.0,1,4.6,375.0,4.793110367892978,Kreis 4
53853334.0,1,4.92,375.0,4.793110367892978,Kreis 4
35671028.0,1,5.0,375.0,4.793110367892978,Kreis 4
20676422.0,1,5.0,375.0,4.793110367892978,Kreis 4
15596845.0,1,4.57,375.0,4.793110367892978,Kreis 4
36033611.0,1,4.85,375.0,4.793110367892978,Kreis 4
22137695.0,1,4.91,375.0,4.793110367892978,Kreis 4
36088497.0,1,4.9,375.0,4.793110367892978,Kreis 4
7741739.0,1,4.88,375.0,4.793110367892978,Kreis 4
36511553.0,1,,375.0,4.793110367892978,Kreis 4
4381761.0,1,4.82,375.0,4.793110367892978,Kreis 4
43960977.0,1,5.0,375.0,4.793110367892978,Kreis 4
21823543.0,1,4.88,375.0,4.793110367892978,Kreis 4
23492726.0,1,4.87,375.0,4.793110367892978,Kreis 4
30710753.0,1,5.0,375.0,4.793110367892978,Kreis 4
24515415.0,1,4.81,375.0,4.793110367892978,Kreis 4
48022066.0,1,4.83,375.0,4.793110367892978,Kreis 4
3890636.0,1,4.69,375.0,4.793110367892978,Kreis 4
45897807.0,1,4.94,375.0,4.793110367892978,Kreis 4
11128754.0,1,5.0,375.0,4.793110367892978,Kreis 4
16045646.0,1,4.7,375.0,4.793110367892978,Kreis 4
21733471.0,1,4.88,375.0,4.793110367892978,Kreis 4
14477404.0,1,4.93,375.0,4.793110367892978,Kreis 4
39196674.0,1,4.79,375.0,4.793110367892978,Kreis 4
30239388.0,1,4.58,375.0,4.793110367892978,Kreis 4
15596713.0,1,4.69,375.0,4.793110367892978,Kreis 4
27412907.0,1,4.84,375.0,4.793110367892978,Kreis 4
9245092.0,1,4.63,375.0,4.793110367892978,Kreis 4
45144797.0,1,4.58,375.0,4.793110367892978,Kreis 4
292351.0,1,4.6,375.0,4.793110367892978,Kreis 4
45150591.0,1,,375.0,4.793110367892978,Kreis 4
3673115.0,1,4.71,375.0,4.793110367892978,Kreis 4
23047265.0,1,4.72,375.0,4.793110367892978,Kreis 4
44330186.0,1,4.88,375.0,4.793110367892978,Kreis 4
15341716.0,1,4.77,375.0,4.793110367892978,Kreis 4
14861181.0,1,4.61,375.0,4.793110367892978,Kreis 4
25716104.0,1,4.68,375.0,4.793110367892978,Kreis 4
1028631.0,1,4.92,375.0,4.793110367892978,Kreis 4
51106053.0,1,5.0,375.0,4.793110367892978,Kreis 4
15645106.0,1,,375.0,4.793110367892978,Kreis 4
21270657.0,1,4.91,375.0,4.793110367892978,Kreis 4
49942471.0,1,4.88,375.0,4.793110367892978,Kreis 4
1179802.0,1,4.9,375.0,4.793110367892978,Kreis 4
23738232.0,1,4.88,375.0,4.793110367892978,Kreis 4
33820792.0,1,4.88,375.0,4.793110367892978,Kreis 4
52449648.0,1,3.67,375.0,4.793110367892978,Kreis 4
6857376.0,1,4.89,375.0,4.793110367892978,Kreis 4
44345295.0,1,4.75,375.0,4.793110367892978,Kreis 4
37479435.0,1,4.74,375.0,4.793110367892978,Kreis 4
40395216.0,1,4.43,375.0,4.793110367892978,Kreis 4
16791727.0,1,4.85,375.0,4.793110367892978,Kreis 4
9248717.0,1,4.71,375.0,4.793110367892978,Kreis 4
4145732.0,1,4.85,375.0,4.793110367892978,Kreis 4
16611283.0,1,,375.0,4.793110367892978,Kreis 4
27400610.0,1,4.87,375.0,4.793110367892978,Kreis 4
46019912.0,1,4.91,375.0,4.793110367892978,Kreis 4
29990728.0,1,4.64,375.0,4.793110367892978,Kreis 4
5267443.0,1,4.96,375.0,4.793110367892978,Kreis 4
49377008.0,1,4.86,375.0,4.793110367892978,Kreis 4
38713799.0,1,4.98,375.0,4.793110367892978,Kreis 4
2004128.0,1,4.89,375.0,4.793110367892978,Kreis 4
29989383.0,1,4.83,375.0,4.793110367892978,Kreis 4
49929300.0,1,4.83,375.0,4.793110367892978,Kreis 4
53839287.0,1,4.84,375.0,4.793110367892978,Kreis 4
48733372.0,1,,375.0,4.793110367892978,Kreis 4
53378114.0,1,5.0,375.0,4.793110367892978,Kreis 4
29182814.0,1,4.86,375.0,4.793110367892978,Kreis 4
29990656.0,1,4.91,375.0,4.793110367892978,Kreis 4
8476758.0,1,5.0,375.0,4.793110367892978,Kreis 4
20829919.0,1,4.89,375.0,4.793110367892978,Kreis 4
45780399.0,1,4.89,375.0,4.793110367892978,Kreis 4
45248259.0,1,4.5,375.0,4.793110367892978,Kreis 4
48778345.0,1,,375.0,4.793110367892978,Kreis 4
46073568.0,1,5.0,375.0,4.793110367892978,Kreis 4
50582424.0,1,5.0,375.0,4.793110367892978,Kreis 4
52481919.0,1,5.0,375.0,4.793110367892978,Kreis 4
46722687.0,1,,375.0,4.793110367892978,Kreis 4
43033334.0,1,5.0,375.0,4.793110367892978,Kreis 4
9244524.0,1,4.56,375.0,4.793110367892978,Kreis 4
28284155.0,1,4.33,375.0,4.793110367892978,Kreis 4
15782017.0,1,4.75,375.0,4.793110367892978,Kreis 4
9248507.0,1,4.67,375.0,4.793110367892978,Kreis 4
30304406.0,1,5.0,375.0,4.793110367892978,Kreis 4
23445727.0,1,4.88,375.0,4.793110367892978,Kreis 4
19133540.0,1,4.65,375.0,4.793110367892978,Kreis 4
32441488.0,1,4.86,375.0,4.793110367892978,Kreis 4
49500654.0,1,5.0,375.0,4.793110367892978,Kreis 4
51155863.0,1,4.83,375.0,4.793110367892978,Kreis 4
6930672.0,1,5.0,375.0,4.793110367892978,Kreis 4
4368558.0,1,5.0,375.0,4.793110367892978,Kreis 4
36578686.0,1,5.0,375.0,4.793110367892978,Kreis 4
7599396.0,1,4.83,375.0,4.793110367892978,Kreis 4
52754106.0,1,4.98,375.0,4.793110367892978,Kreis 4
43858959.0,1,,375.0,4.793110367892978,Kreis 4
35512110.0,1,4.9,375.0,4.793110367892978,Kreis 4
22323761.0,1,4.83,375.0,4.793110367892978,Kreis 4
53770609.0,1,5.0,375.0,4.793110367892978,Kreis 4
15596933.0,1,4.65,375.0,4.793110367892978,Kreis 4
18165560.0,1,4.14,375.0,4.793110367892978,Kreis 4
39100482.0,1,,375.0,4.793110367892978,Kreis 4
46115080.0,1,4.72,375.0,4.793110367892978,Kreis 4
52877360.0,1,5.0,375.0,4.793110367892978,Kreis 4
15597068.0,1,4.7,375.0,4.793110367892978,Kreis 4
35450377.0,1,5.0,375.0,4.793110367892978,Kreis 4
15372451.0,1,5.0,375.0,4.793110367892978,Kreis 4
35323413.0,1,4.79,375.0,4.793110367892978,Kreis 4
12786627.0,1,4.77,375.0,4.793110367892978,Kreis 4
43234382.0,1,4.86,141.0,4.839528301886793,Kreis 5
16938543.0,1,4.48,141.0,4.839528301886793,Kreis 5
15796209.0,1,4.98,141.0,4.839528301886793,Kreis 5
15527370.0,1,5.0,141.0,4.839528301886793,Kreis 5
15525696.0,1,4.95,141.0,4.839528301886793,Kreis 5
3745895.0,1,4.5,141.0,4.839528301886793,Kreis 5
51232908.0,1,5.0,141.0,4.839528301886793,Kreis 5
1283510.0,1,4.5,141.0,4.839528301886793,Kreis 5
31917101.0,1,5.0,141.0,4.839528301886793,Kreis 5
51760867.0,1,4.64,141.0,4.839528301886793,Kreis 5
11949543.0,1,4.78,141.0,4.839528301886793,Kreis 5
20636301.0,1,4.82,141.0,4.839528301886793,Kreis 5
19645012.0,1,,141.0,4.839528301886793,Kreis 5
51764508.0,1,4.6,141.0,4.839528301886793,Kreis 5
52314104.0,1,4.86,141.0,4.839528301886793,Kreis 5
52851335.0,1,4.87,141.0,4.839528301886793,Kreis 5
29362212.0,1,4.95,141.0,4.839528301886793,Kreis 5
15578517.0,1,4.93,141.0,4.839528301886793,Kreis 5
46613406.0,1,,141.0,4.839528301886793,Kreis 5
11015954.0,1,4.94,141.0,4.839528301886793,Kreis 5
2019124.0,1,4.83,141.0,4.839528301886793,Kreis 5
33085569.0,1,4.69,141.0,4.839528301886793,Kreis 5
32625363.0,1,4.98,141.0,4.839528301886793,Kreis 5
8708068.0,1,5.0,141.0,4.839528301886793,Kreis 5
2785626.0,1,4.8,141.0,4.839528301886793,Kreis 5
8652123.0,1,5.0,141.0,4.839528301886793,Kreis 5
29293306.0,1,4.95,141.0,4.839528301886793,Kreis 5
7726353.0,1,5.0,141.0,4.839528301886793,Kreis 5
51380585.0,1,5.0,141.0,4.839528301886793,Kreis 5
40607935.0,1,4.79,141.0,4.839528301886793,Kreis 5
227039.0,1,4.97,141.0,4.839528301886793,Kreis 5
52768115.0,1,,141.0,4.839528301886793,Kreis 5
8397025.0,1,,141.0,4.839528301886793,Kreis 5
25438974.0,1,5.0,141.0,4.839528301886793,Kreis 5
13927064.0,1,4.86,141.0,4.839528301886793,Kreis 5
20182402.0,1,4.95,141.0,4.839528301886793,Kreis 5
24566855.0,1,4.71,141.0,4.839528301886793,Kreis 5
51764509.0,1,5.0,141.0,4.839528301886793,Kreis 5
42653666.0,1,,141.0,4.839528301886793,Kreis 5
44446637.0,1,4.8,141.0,4.839528301886793,Kreis 5
51764512.0,1,4.75,141.0,4.839528301886793,Kreis 5
51764514.0,1,4.9,141.0,4.839528301886793,Kreis 5
53197312.0,1,4.82,141.0,4.839528301886793,Kreis 5
44364625.0,1,,141.0,4.839528301886793,Kreis 5
51040364.0,1,,141.0,4.839528301886793,Kreis 5
51763508.0,1,4.93,141.0,4.839528301886793,Kreis 5
34105681.0,1,4.83,141.0,4.839528301886793,Kreis 5
2055920.0,1,4.93,141.0,4.839528301886793,Kreis 5
1126401.0,1,5.0,141.0,4.839528301886793,Kreis 5
29795096.0,1,,141.0,4.839528301886793,Kreis 5
23477793.0,1,5.0,141.0,4.839528301886793,Kreis 5
44446318.0,1,4.71,141.0,4.839528301886793,Kreis 5
51764511.0,1,4.2,141.0,4.839528301886793,Kreis 5
13879118.0,1,4.93,141.0,4.839528301886793,Kreis 5
46334838.0,1,4.84,141.0,4.839528301886793,Kreis 5
54196772.0,1,4.75,141.0,4.839528301886793,Kreis 5
44707198.0,1,,141.0,4.839528301886793,Kreis 5
1638930.0,1,4.92,141.0,4.839528301886793,Kreis 5
4836907.0,1,4.71,141.0,4.839528301886793,Kreis 5
46073709.0,1,4.5,141.0,4.839528301886793,Kreis 5
33800187.0,1,4.96,141.0,4.839528301886793,Kreis 5
38534881.0,1,5.0,141.0,4.839528301886793,Kreis 5
53333102.0,1,4.77,141.0,4.839528301886793,Kreis 5
51764513.0,1,4.86,141.0,4.839528301886793,Kreis 5
10973187.0,1,4.94,141.0,4.839528301886793,Kreis 5
34411854.0,1,4.76,141.0,4.839528301886793,Kreis 5
4666089.0,1,,141.0,4.839528301886793,Kreis 5
26703120.0,1,4.89,141.0,4.839528301886793,Kreis 5
51764507.0,1,4.57,141.0,4.839528301886793,Kreis 5
25222128.0,1,5.0,141.0,4.839528301886793,Kreis 5
43454703.0,1,4.92,141.0,4.839528301886793,Kreis 5
37225240.0,1,4.82,247.0,4.836511627906976,Kreis 6
46369256.0,1,,247.0,4.836511627906976,Kreis 6
43890786.0,1,4.9,247.0,4.836511627906976,Kreis 6
52523805.0,1,4.58,247.0,4.836511627906976,Kreis 6
16735328.0,1,4.9,247.0,4.836511627906976,Kreis 6
35178707.0,1,,247.0,4.836511627906976,Kreis 6
45433489.0,1,4.95,247.0,4.836511627906976,Kreis 6
35174440.0,1,,247.0,4.836511627906976,Kreis 6
35182110.0,1,4.73,247.0,4.836511627906976,Kreis 6
44057060.0,1,5.0,247.0,4.836511627906976,Kreis 6
25995484.0,1,4.9,247.0,4.836511627906976,Kreis 6
14659604.0,1,4.91,247.0,4.836511627906976,Kreis 6
13138331.0,1,4.78,247.0,4.836511627906976,Kreis 6
50388702.0,1,5.0,247.0,4.836511627906976,Kreis 6
37389808.0,1,5.0,247.0,4.836511627906976,Kreis 6
30208059.0,1,,247.0,4.836511627906976,Kreis 6
45525628.0,1,4.83,247.0,4.836511627906976,Kreis 6
53025594.0,1,4.87,247.0,4.836511627906976,Kreis 6
34472705.0,1,4.97,247.0,4.836511627906976,Kreis 6
52433794.0,1,4.93,247.0,4.836511627906976,Kreis 6
19728154.0,1,5.0,247.0,4.836511627906976,Kreis 6
45433374.0,1,4.9,247.0,4.836511627906976,Kreis 6
2852452.0,1,4.75,247.0,4.836511627906976,Kreis 6
4748384.0,1,4.71,247.0,4.836511627906976,Kreis 6
1944658.0,1,4.86,247.0,4.836511627906976,Kreis 6
9299992.0,1,4.92,247.0,4.836511627906976,Kreis 6
19040977.0,1,4.7,247.0,4.836511627906976,Kreis 6
48310122.0,1,5.0,247.0,4.836511627906976,Kreis 6
40728749.0,1,5.0,247.0,4.836511627906976,Kreis 6
53306953.0,1,5.0,247.0,4.836511627906976,Kreis 6
34995176.0,1,4.71,247.0,4.836511627906976,Kreis 6
4222997.0,1,4.86,247.0,4.836511627906976,Kreis 6
36383121.0,1,5.0,247.0,4.836511627906976,Kreis 6
9526343.0,1,4.97,247.0,4.836511627906976,Kreis 6
50806853.0,1,4.6,247.0,4.836511627906976,Kreis 6
4921250.0,1,4.69,247.0,4.836511627906976,Kreis 6
13656976.0,1,5.0,247.0,4.836511627906976,Kreis 6
35180162.0,1,5.0,247.0,4.836511627906976,Kreis 6
35181676.0,1,,247.0,4.836511627906976,Kreis 6
35181180.0,1,4.8,247.0,4.836511627906976,Kreis 6
35179129.0,1,4.79,247.0,4.836511627906976,Kreis 6
53804074.0,1,5.0,247.0,4.836511627906976,Kreis 6
32106754.0,1,4.75,247.0,4.836511627906976,Kreis 6
19061852.0,1,5.0,247.0,4.836511627906976,Kreis 6
48409976.0,1,5.0,247.0,4.836511627906976,Kreis 6
51903755.0,1,4.65,247.0,4.836511627906976,Kreis 6
31327304.0,1,5.0,247.0,4.836511627906976,Kreis 6
46150507.0,1,4.83,247.0,4.836511627906976,Kreis 6
50521276.0,1,4.0,247.0,4.836511627906976,Kreis 6
50806513.0,1,4.0,247.0,4.836511627906976,Kreis 6
35183779.0,1,,247.0,4.836511627906976,Kreis 6
52626298.0,1,4.5,247.0,4.836511627906976,Kreis 6
35180437.0,1,,247.0,4.836511627906976,Kreis 6
51052280.0,1,4.84,247.0,4.836511627906976,Kreis 6
45433216.0,1,4.96,247.0,4.836511627906976,Kreis 6
1528138.0,1,4.99,247.0,4.836511627906976,Kreis 6
22608055.0,1,,247.0,4.836511627906976,Kreis 6
4290893.0,1,4.33,247.0,4.836511627906976,Kreis 6
38250307.0,1,5.0,247.0,4.836511627906976,Kreis 6
44659394.0,1,4.7,247.0,4.836511627906976,Kreis 6
15363618.0,1,4.94,247.0,4.836511627906976,Kreis 6
23890113.0,1,4.85,247.0,4.836511627906976,Kreis 6
43545390.0,1,4.9,247.0,4.836511627906976,Kreis 6
4425760.0,1,4.93,247.0,4.836511627906976,Kreis 6
51415534.0,1,4.86,247.0,4.836511627906976,Kreis 6
12664810.0,1,4.78,247.0,4.836511627906976,Kreis 6
47303762.0,1,,247.0,4.836511627906976,Kreis 6
44208294.0,1,5.0,247.0,4.836511627906976,Kreis 6
45526177.0,1,4.96,247.0,4.836511627906976,Kreis 6
36749316.0,1,5.0,247.0,4.836511627906976,Kreis 6
50982827.0,1,4.63,247.0,4.836511627906976,Kreis 6
22607990.0,1,4.33,247.0,4.836511627906976,Kreis 6
47194028.0,1,,247.0,4.836511627906976,Kreis 6
46728788.0,1,4.95,247.0,4.836511627906976,Kreis 6
53819940.0,1,4.38,247.0,4.836511627906976,Kreis 6
10704449.0,1,4.78,247.0,4.836511627906976,Kreis 6
15946738.0,1,4.6,247.0,4.836511627906976,Kreis 6
54116650.0,1,,247.0,4.836511627906976,Kreis 6
31204115.0,1,4.5,247.0,4.836511627906976,Kreis 6
33854276.0,1,5.0,247.0,4.836511627906976,Kreis 6
6996487.0,1,,247.0,4.836511627906976,Kreis 6
41543114.0,1,4.97,247.0,4.836511627906976,Kreis 6
49339838.0,1,5.0,247.0,4.836511627906976,Kreis 6
35180837.0,1,,247.0,4.836511627906976,Kreis 6
28061232.0,1,4.69,247.0,4.836511627906976,Kreis 6
50297677.0,1,5.0,247.0,4.836511627906976,Kreis 6
25424250.0,1,5.0,247.0,4.836511627906976,Kreis 6
33059980.0,1,,247.0,4.836511627906976,Kreis 6
33314423.0,1,5.0,247.0,4.836511627906976,Kreis 6
36591868.0,1,5.0,247.0,4.836511627906976,Kreis 6
7927329.0,1,5.0,247.0,4.836511627906976,Kreis 6
50841814.0,1,4.6,247.0,4.836511627906976,Kreis 6
35182675.0,1,5.0,247.0,4.836511627906976,Kreis 6
35184191.0,1,4.75,247.0,4.836511627906976,Kreis 6
26006157.0,1,4.84,247.0,4.836511627906976,Kreis 6
15015809.0,1,,247.0,4.836511627906976,Kreis 6
53103297.0,1,4.66,247.0,4.836511627906976,Kreis 6
50721753.0,1,5.0,247.0,4.836511627906976,Kreis 6
5208392.0,1,4.43,247.0,4.836511627906976,Kreis 6
45433840.0,1,4.88,247.0,4.836511627906976,Kreis 6
35179702.0,1,,247.0,4.836511627906976,Kreis 6
21760542.0,1,5.0,247.0,4.836511627906976,Kreis 6
26865165.0,1,4.86,247.0,4.836511627906976,Kreis 6
45525843.0,1,4.8,247.0,4.836511627906976,Kreis 6
45888836.0,1,5.0,247.0,4.836511627906976,Kreis 6
22245449.0,1,,247.0,4.836511627906976,Kreis 6
22873221.0,1,4.95,253.0,4.761039603960396,Kreis 7
49433949.0,1,,253.0,4.761039603960396,Kreis 7
39600156.0,1,4.56,253.0,4.761039603960396,Kreis 7
28944839.0,1,4.97,253.0,4.761039603960396,Kreis 7
9229424.0,1,4.5,253.0,4.761039603960396,Kreis 7
32295519.0,1,5.0,253.0,4.761039603960396,Kreis 7
7737458.0,1,4.63,253.0,4.761039603960396,Kreis 7
38686017.0,1,4.0,253.0,4.761039603960396,Kreis 7
39171356.0,1,4.88,253.0,4.761039603960396,Kreis 7
53636512.0,1,4.85,253.0,4.761039603960396,Kreis 7
50952286.0,1,5.0,253.0,4.761039603960396,Kreis 7
45932668.0,1,,253.0,4.761039603960396,Kreis 7
23099204.0,1,4.9,253.0,4.761039603960396,Kreis 7
52491701.0,1,4.5,253.0,4.761039603960396,Kreis 7
8169064.0,1,4.54,253.0,4.761039603960396,Kreis 7
21130086.0,1,4.81,253.0,4.761039603960396,Kreis 7
4201898.0,1,4.43,253.0,4.761039603960396,Kreis 7
45870795.0,1,5.0,253.0,4.761039603960396,Kreis 7
39111639.0,1,4.83,253.0,4.761039603960396,Kreis 7
34639342.0,1,4.82,253.0,4.761039603960396,Kreis 7
38904357.0,1,3.5,253.0,4.761039603960396,Kreis 7
42748334.0,1,5.0,253.0,4.761039603960396,Kreis 7
50739017.0,1,5.0,253.0,4.761039603960396,Kreis 7
51021138.0,1,5.0,253.0,4.761039603960396,Kreis 7
53470490.0,1,4.8,253.0,4.761039603960396,Kreis 7
43997218.0,1,4.6,253.0,4.761039603960396,Kreis 7
50264238.0,1,5.0,253.0,4.761039603960396,Kreis 7
4195239.0,1,4.39,253.0,4.761039603960396,Kreis 7
49389778.0,1,,253.0,4.761039603960396,Kreis 7
46705800.0,1,,253.0,4.761039603960396,Kreis 7
16390223.0,1,4.67,253.0,4.761039603960396,Kreis 7
49981984.0,1,5.0,253.0,4.761039603960396,Kreis 7
35025688.0,1,4.98,253.0,4.761039603960396,Kreis 7
5350564.0,1,4.25,253.0,4.761039603960396,Kreis 7
50768456.0,1,4.8,253.0,4.761039603960396,Kreis 7
45437609.0,1,4.83,253.0,4.761039603960396,Kreis 7
25072390.0,1,4.79,253.0,4.761039603960396,Kreis 7
50414370.0,1,4.8,253.0,4.761039603960396,Kreis 7
44956131.0,1,4.71,253.0,4.761039603960396,Kreis 7
19283462.0,1,5.0,253.0,4.761039603960396,Kreis 7
21542690.0,1,4.93,253.0,4.761039603960396,Kreis 7
5350881.0,1,4.31,253.0,4.761039603960396,Kreis 7
45585448.0,1,5.0,253.0,4.761039603960396,Kreis 7
4315829.0,1,4.95,253.0,4.761039603960396,Kreis 7
27833401.0,1,4.83,253.0,4.761039603960396,Kreis 7
49065017.0,1,4.84,253.0,4.761039603960396,Kreis 7
24802237.0,1,4.67,253.0,4.761039603960396,Kreis 7
52341711.0,1,5.0,253.0,4.761039603960396,Kreis 7
32585235.0,1,3.86,253.0,4.761039603960396,Kreis 7
26223531.0,1,4.96,253.0,4.761039603960396,Kreis 7
52492527.0,1,5.0,253.0,4.761039603960396,Kreis 7
41334019.0,1,4.93,253.0,4.761039603960396,Kreis 7
49871533.0,1,5.0,253.0,4.761039603960396,Kreis 7
50131257.0,1,4.92,253.0,4.761039603960396,Kreis 7
5168505.0,1,4.92,253.0,4.761039603960396,Kreis 7
42268307.0,1,5.0,253.0,4.761039603960396,Kreis 7
36596015.0,1,4.0,253.0,4.761039603960396,Kreis 7
46215258.0,1,4.82,253.0,4.761039603960396,Kreis 7
8263299.0,1,4.57,253.0,4.761039603960396,Kreis 7
47589979.0,1,5.0,253.0,4.761039603960396,Kreis 7
51021428.0,1,,253.0,4.761039603960396,Kreis 7
51158357.0,1,4.78,253.0,4.761039603960396,Kreis 7
4201758.0,1,4.75,253.0,4.761039603960396,Kreis 7
35494092.0,1,4.91,253.0,4.761039603960396,Kreis 7
6540490.0,1,4.77,253.0,4.761039603960396,Kreis 7
53225151.0,1,4.95,253.0,4.761039603960396,Kreis 7
54329374.0,1,5.0,253.0,4.761039603960396,Kreis 7
54403948.0,1,4.9,253.0,4.761039603960396,Kreis 7
2045519.0,1,4.66,253.0,4.761039603960396,Kreis 7
23868386.0,1,4.93,253.0,4.761039603960396,Kreis 7
9520586.0,1,4.58,253.0,4.761039603960396,Kreis 7
7756218.0,1,4.65,253.0,4.761039603960396,Kreis 7
24688807.0,1,4.45,253.0,4.761039603960396,Kreis 7
8094116.0,1,4.57,253.0,4.761039603960396,Kreis 7
7739547.0,1,4.86,253.0,4.761039603960396,Kreis 7
17023300.0,1,4.6,253.0,4.761039603960396,Kreis 7
27898567.0,1,4.9,253.0,4.761039603960396,Kreis 7
1637876.0,1,4.96,253.0,4.761039603960396,Kreis 7
8093940.0,1,4.67,253.0,4.761039603960396,Kreis 7
23383352.0,1,5.0,253.0,4.761039603960396,Kreis 7
33360498.0,1,5.0,253.0,4.761039603960396,Kreis 7
10720130.0,1,4.56,253.0,4.761039603960396,Kreis 7
9519509.0,1,4.67,253.0,4.761039603960396,Kreis 7
28272792.0,1,4.91,253.0,4.761039603960396,Kreis 7
35898365.0,1,4.75,253.0,4.761039603960396,Kreis 7
1859135.0,1,,253.0,4.761039603960396,Kreis 7
21109761.0,1,4.76,253.0,4.761039603960396,Kreis 7
42709310.0,1,4.7,253.0,4.761039603960396,Kreis 7
6752793.0,1,4.9,253.0,4.761039603960396,Kreis 7
26414826.0,1,4.8,253.0,4.761039603960396,Kreis 7
30415457.0,1,4.94,253.0,4.761039603960396,Kreis 7
2049847.0,1,4.65,253.0,4.761039603960396,Kreis 7
37766147.0,1,4.8,253.0,4.761039603960396,Kreis 7
47755089.0,1,,253.0,4.761039603960396,Kreis 7
44437445.0,1,4.85,253.0,4.761039603960396,Kreis 7
44642027.0,1,4.6,253.0,4.761039603960396,Kreis 7
40650169.0,1,4.54,253.0,4.761039603960396,Kreis 7
26417842.0,1,4.8,253.0,4.761039603960396,Kreis 7
37769125.0,1,,253.0,4.761039603960396,Kreis 7
28607214.0,1,4.84,253.0,4.761039603960396,Kreis 7
26703294.0,1,4.91,253.0,4.761039603960396,Kreis 7
34941952.0,1,4.73,253.0,4.761039603960396,Kreis 7
22756581.0,1,5.0,253.0,4.761039603960396,Kreis 7
2073042.0,1,4.7,253.0,4.761039603960396,Kreis 7
40650157.0,1,4.53,253.0,4.761039603960396,Kreis 7
21466718.0,1,4.83,253.0,4.761039603960396,Kreis 7
47975721.0,1,4.99,253.0,4.761039603960396,Kreis 7
1876794.0,1,4.42,253.0,4.761039603960396,Kreis 7
35492554.0,1,4.86,253.0,4.761039603960396,Kreis 7
35188032.0,1,4.6,253.0,4.761039603960396,Kreis 7
4298896.0,1,4.0,253.0,4.761039603960396,Kreis 7
45753821.0,1,4.88,253.0,4.761039603960396,Kreis 7
41371724.0,1,4.9,253.0,4.761039603960396,Kreis 7
33152255.0,1,4.72,253.0,4.761039603960396,Kreis 7
24744786.0,1,4.65,253.0,4.761039603960396,Kreis 7
16592359.0,1,,253.0,4.761039603960396,Kreis 7
34678447.0,1,5.0,253.0,4.761039603960396,Kreis 7
4298448.0,1,4.15,253.0,4.761039603960396,Kreis 7
29009793.0,1,4.96,248.0,4.771724137931034,Kreis 8
19596005.0,1,4.55,248.0,4.771724137931034,Kreis 8
47985660.0,1,,248.0,4.771724137931034,Kreis 8
17706352.0,1,4.8,248.0,4.771724137931034,Kreis 8
38612417.0,1,,248.0,4.771724137931034,Kreis 8
49527700.0,1,4.96,248.0,4.771724137931034,Kreis 8
17691898.0,1,,248.0,4.771724137931034,Kreis 8
45469841.0,1,4.85,248.0,4.771724137931034,Kreis 8
14497537.0,1,4.96,248.0,4.771724137931034,Kreis 8
52879087.0,1,4.88,248.0,4.771724137931034,Kreis 8
9132333.0,1,4.95,248.0,4.771724137931034,Kreis 8
28445279.0,1,4.73,248.0,4.771724137931034,Kreis 8
45432677.0,1,4.96,248.0,4.771724137931034,Kreis 8
51208685.0,1,5.0,248.0,4.771724137931034,Kreis 8
3680581.0,1,4.16,248.0,4.771724137931034,Kreis 8
45433604.0,1,4.88,248.0,4.771724137931034,Kreis 8
13738980.0,1,4.8,248.0,4.771724137931034,Kreis 8
42130984.0,1,4.88,248.0,4.771724137931034,Kreis 8
52646086.0,1,4.83,248.0,4.771724137931034,Kreis 8
4222482.0,1,4.2,248.0,4.771724137931034,Kreis 8
28701312.0,1,4.78,248.0,4.771724137931034,Kreis 8
53857150.0,1,4.5,248.0,4.771724137931034,Kreis 8
28909599.0,1,4.81,248.0,4.771724137931034,Kreis 8
29050050.0,1,4.79,248.0,4.771724137931034,Kreis 8
14766973.0,1,4.91,248.0,4.771724137931034,Kreis 8
19205207.0,1,5.0,248.0,4.771724137931034,Kreis 8
42103532.0,1,4.95,248.0,4.771724137931034,Kreis 8
44095007.0,1,5.0,248.0,4.771724137931034,Kreis 8
26046317.0,1,4.9,248.0,4.771724137931034,Kreis 8
27144951.0,1,4.77,248.0,4.771724137931034,Kreis 8
30171704.0,1,4.84,248.0,4.771724137931034,Kreis 8
4222657.0,1,4.43,248.0,4.771724137931034,Kreis 8
45432996.0,1,4.79,248.0,4.771724137931034,Kreis 8
28620125.0,1,4.63,248.0,4.771724137931034,Kreis 8
20349682.0,1,5.0,248.0,4.771724137931034,Kreis 8
8915577.0,1,4.76,248.0,4.771724137931034,Kreis 8
45887289.0,1,4.91,248.0,4.771724137931034,Kreis 8
4413887.0,1,5.0,248.0,4.771724137931034,Kreis 8
43737148.0,1,5.0,248.0,4.771724137931034,Kreis 8
34861647.0,1,4.83,248.0,4.771724137931034,Kreis 8
42580336.0,1,4.6,248.0,4.771724137931034,Kreis 8
22445392.0,1,5.0,248.0,4.771724137931034,Kreis 8
28234456.0,1,4.86,248.0,4.771724137931034,Kreis 8
45273502.0,1,4.67,248.0,4.771724137931034,Kreis 8
47232398.0,1,4.9,248.0,4.771724137931034,Kreis 8
4202724.0,1,4.63,248.0,4.771724137931034,Kreis 8
19776405.0,1,4.85,248.0,4.771724137931034,Kreis 8
42103880.0,1,5.0,248.0,4.771724137931034,Kreis 8
47779546.0,1,4.64,248.0,4.771724137931034,Kreis 8
5210463.0,1,4.33,248.0,4.771724137931034,Kreis 8
11221242.0,1,,248.0,4.771724137931034,Kreis 8
53877309.0,1,5.0,248.0,4.771724137931034,Kreis 8
4281532.0,1,4.33,248.0,4.771724137931034,Kreis 8
44657382.0,1,5.0,248.0,4.771724137931034,Kreis 8
44658767.0,1,4.8,248.0,4.771724137931034,Kreis 8
45433715.0,1,5.0,248.0,4.771724137931034,Kreis 8
34811356.0,1,4.96,248.0,4.771724137931034,Kreis 8
42087812.0,1,4.85,248.0,4.771724137931034,Kreis 8
42088383.0,1,4.76,248.0,4.771724137931034,Kreis 8
51437849.0,1,5.0,248.0,4.771724137931034,Kreis 8
4544512.0,1,4.74,248.0,4.771724137931034,Kreis 8
45681069.0,1,5.0,248.0,4.771724137931034,Kreis 8
13760278.0,1,4.61,248.0,4.771724137931034,Kreis 8
15113006.0,1,4.93,248.0,4.771724137931034,Kreis 8
36107157.0,1,,248.0,4.771724137931034,Kreis 8
8658489.0,1,4.91,248.0,4.771724137931034,Kreis 8
47096241.0,1,,248.0,4.771724137931034,Kreis 8
9067422.0,1,4.81,248.0,4.771724137931034,Kreis 8
7551201.0,1,4.95,248.0,4.771724137931034,Kreis 8
52596197.0,1,,248.0,4.771724137931034,Kreis 8
28766337.0,1,4.8,248.0,4.771724137931034,Kreis 8
51792113.0,1,5.0,248.0,4.771724137931034,Kreis 8
32382441.0,1,4.73,248.0,4.771724137931034,Kreis 8
5349018.0,1,5.0,248.0,4.771724137931034,Kreis 8
8658138.0,1,4.81,248.0,4.771724137931034,Kreis 8
33148119.0,1,4.87,248.0,4.771724137931034,Kreis 8
23621941.0,1,4.8,248.0,4.771724137931034,Kreis 8
28792518.0,1,4.84,248.0,4.771724137931034,Kreis 8
3487718.0,1,4.64,248.0,4.771724137931034,Kreis 8
3483175.0,1,4.71,248.0,4.771724137931034,Kreis 8
3470221.0,1,4.5,248.0,4.771724137931034,Kreis 8
51478569.0,1,5.0,248.0,4.771724137931034,Kreis 8
18085607.0,1,4.8,248.0,4.771724137931034,Kreis 8
50408999.0,1,4.43,248.0,4.771724137931034,Kreis 8
2920590.0,1,4.52,248.0,4.771724137931034,Kreis 8
37683818.0,1,4.56,248.0,4.771724137931034,Kreis 8
14921512.0,1,4.76,248.0,4.771724137931034,Kreis 8
24878068.0,1,4.8,248.0,4.771724137931034,Kreis 8
51099748.0,1,,248.0,4.771724137931034,Kreis 8
13078820.0,1,5.0,248.0,4.771724137931034,Kreis 8
51972163.0,1,5.0,248.0,4.771724137931034,Kreis 8
28426226.0,1,4.78,248.0,4.771724137931034,Kreis 8
1566319.0,1,4.5,248.0,4.771724137931034,Kreis 8
22023471.0,1,4.47,248.0,4.771724137931034,Kreis 8
53971360.0,1,,248.0,4.771724137931034,Kreis 8
28884429.0,1,4.8,248.0,4.771724137931034,Kreis 8
29404842.0,1,4.75,248.0,4.771724137931034,Kreis 8
11075723.0,1,4.8,248.0,4.771724137931034,Kreis 8
25651402.0,1,4.97,248.0,4.771724137931034,Kreis 8
28679682.0,1,4.92,248.0,4.771724137931034,Kreis 8
20429590.0,1,4.96,248.0,4.771724137931034,Kreis 8
38295492.0,1,4.96,248.0,4.771724137931034,Kreis 8
17969667.0,1,4.81,248.0,4.771724137931034,Kreis 8
3941358.0,1,4.52,248.0,4.771724137931034,Kreis 8
53106910.0,1,4.77,248.0,4.771724137931034,Kreis 8
5349345.0,1,5.0,248.0,4.771724137931034,Kreis 8
50203904.0,1,4.81,248.0,4.771724137931034,Kreis 8
3631629.0,1,4.79,248.0,4.771724137931034,Kreis 8
29895316.0,1,4.85,248.0,4.771724137931034,Kreis 8
32053770.0,1,4.8,248.0,4.771724137931034,Kreis 8
34674097.0,1,4.24,248.0,4.771724137931034,Kreis 8
52910357.0,1,4.85,248.0,4.771724137931034,Kreis 8
32087275.0,1,4.69,248.0,4.771724137931034,Kreis 8
20779854.0,1,4.83,248.0,4.771724137931034,Kreis 8
19064424.0,1,,248.0,4.771724137931034,Kreis 8
43894252.0,1,5.0,248.0,4.771724137931034,Kreis 8
50829677.0,1,4.83,248.0,4.771724137931034,Kreis 8
3470708.0,1,4.89,248.0,4.771724137931034,Kreis 8
49508900.0,1,4.34,248.0,4.771724137931034,Kreis 8
1888122.0,1,4.88,248.0,4.771724137931034,Kreis 8
6858968.0,1,5.0,248.0,4.771724137931034,Kreis 8
51588163.0,1,4.81,248.0,4.771724137931034,Kreis 8
42443181.0,1,5.0,255.0,4.710063291139241,Kreis 9
43359918.0,1,,255.0,4.710063291139241,Kreis 9
16263695.0,1,4.89,255.0,4.710063291139241,Kreis 9
50886155.0,1,5.0,255.0,4.710063291139241,Kreis 9
21381593.0,1,4.74,255.0,4.710063291139241,Kreis 9
27596270.0,1,4.75,255.0,4.710063291139241,Kreis 9
15781029.0,1,4.4,255.0,4.710063291139241,Kreis 9
4460481.0,1,4.91,255.0,4.710063291139241,Kreis 9
8332340.0,1,4.78,255.0,4.710063291139241,Kreis 9
27596264.0,1,5.0,255.0,4.710063291139241,Kreis 9
51435506.0,1,4.73,255.0,4.710063291139241,Kreis 9
27596269.0,1,3.5,255.0,4.710063291139241,Kreis 9
32649111.0,1,4.98,255.0,4.710063291139241,Kreis 9
38499460.0,1,5.0,255.0,4.710063291139241,Kreis 9
15796875.0,1,5.0,255.0,4.710063291139241,Kreis 9
27596267.0,1,4.67,255.0,4.710063291139241,Kreis 9
15765564.0,1,,255.0,4.710063291139241,Kreis 9
2869056.0,1,5.0,255.0,4.710063291139241,Kreis 9
43550716.0,1,,255.0,4.710063291139241,Kreis 9
15766649.0,1,4.67,255.0,4.710063291139241,Kreis 9
51757637.0,1,,255.0,4.710063291139241,Kreis 9
36499071.0,1,5.0,255.0,4.710063291139241,Kreis 9
38400419.0,1,4.98,255.0,4.710063291139241,Kreis 9
27596266.0,1,4.58,255.0,4.710063291139241,Kreis 9
32957012.0,1,,255.0,4.710063291139241,Kreis 9
50522495.0,1,4.88,255.0,4.710063291139241,Kreis 9
27596279.0,1,5.0,255.0,4.710063291139241,Kreis 9
23532672.0,1,4.63,255.0,4.710063291139241,Kreis 9
25182723.0,1,4.96,255.0,4.710063291139241,Kreis 9
27596274.0,1,4.67,255.0,4.710063291139241,Kreis 9
39544991.0,1,4.78,255.0,4.710063291139241,Kreis 9
27596263.0,1,4.75,255.0,4.710063291139241,Kreis 9
15765978.0,1,4.67,255.0,4.710063291139241,Kreis 9
21468955.0,1,4.8,255.0,4.710063291139241,Kreis 9
48320933.0,1,4.91,255.0,4.710063291139241,Kreis 9
15712965.0,1,3.5,255.0,4.710063291139241,Kreis 9
15797256.0,1,5.0,255.0,4.710063291139241,Kreis 9
15766962.0,1,,255.0,4.710063291139241,Kreis 9
42218576.0,1,4.62,255.0,4.710063291139241,Kreis 9
50433489.0,1,,255.0,4.710063291139241,Kreis 9
14497922.0,1,4.39,255.0,4.710063291139241,Kreis 9
50004657.0,1,5.0,255.0,4.710063291139241,Kreis 9
15780649.0,1,4.75,255.0,4.710063291139241,Kreis 9
44057622.0,1,5.0,255.0,4.710063291139241,Kreis 9
49920776.0,1,5.0,255.0,4.710063291139241,Kreis 9
44743369.0,1,4.82,255.0,4.710063291139241,Kreis 9
27596273.0,1,4.57,255.0,4.710063291139241,Kreis 9
15780767.0,1,,255.0,4.710063291139241,Kreis 9
15766507.0,1,,255.0,4.710063291139241,Kreis 9
15765855.0,1,4.25,255.0,4.710063291139241,Kreis 9
3813905.0,1,4.87,255.0,4.710063291139241,Kreis 9
37209318.0,1,5.0,255.0,4.710063291139241,Kreis 9
27596275.0,1,,255.0,4.710063291139241,Kreis 9
37203344.0,1,5.0,255.0,4.710063291139241,Kreis 9
2869081.0,1,4.61,255.0,4.710063291139241,Kreis 9
49938063.0,1,,255.0,4.710063291139241,Kreis 9
17094910.0,1,,255.0,4.710063291139241,Kreis 9
48143955.0,1,4.69,255.0,4.710063291139241,Kreis 9
3209659.0,1,4.78,255.0,4.710063291139241,Kreis 9
8332432.0,1,,255.0,4.710063291139241,Kreis 9
20397857.0,1,4.87,255.0,4.710063291139241,Kreis 9
42243057.0,1,4.15,255.0,4.710063291139241,Kreis 9
42823448.0,1,5.0,255.0,4.710063291139241,Kreis 9
24768262.0,1,4.67,255.0,4.710063291139241,Kreis 9
52221484.0,1,5.0,255.0,4.710063291139241,Kreis 9
44057629.0,1,5.0,255.0,4.710063291139241,Kreis 9
44057624.0,1,4.67,255.0,4.710063291139241,Kreis 9
31115621.0,1,4.6,255.0,4.710063291139241,Kreis 9
23666044.0,1,,255.0,4.710063291139241,Kreis 9
44057633.0,1,,255.0,4.710063291139241,Kreis 9
53644357.0,1,5.0,255.0,4.710063291139241,Kreis 9
54336359.0,1,4.76,255.0,4.710063291139241,Kreis 9
16891739.0,1,4.83,255.0,4.710063291139241,Kreis 9
27596271.0,1,4.7,255.0,4.710063291139241,Kreis 9
44044463.0,1,2.0,255.0,4.710063291139241,Kreis 9
44057636.0,1,4.75,255.0,4.710063291139241,Kreis 9
44044459.0,1,5.0,255.0,4.710063291139241,Kreis 9
29212259.0,1,4.67,255.0,4.710063291139241,Kreis 9
44057635.0,1,,255.0,4.710063291139241,Kreis 9
49958480.0,1,5.0,255.0,4.710063291139241,Kreis 9
44057634.0,1,4.67,255.0,4.710063291139241,Kreis 9
35527567.0,1,5.0,255.0,4.710063291139241,Kreis 9
44057627.0,1,4.5,255.0,4.710063291139241,Kreis 9
44057631.0,1,4.67,255.0,4.710063291139241,Kreis 9
53730106.0,1,5.0,255.0,4.710063291139241,Kreis 9
2869130.0,1,4.67,255.0,4.710063291139241,Kreis 9
19743179.0,1,4.58,255.0,4.710063291139241,Kreis 9
47094243.0,1,5.0,255.0,4.710063291139241,Kreis 9
32379048.0,1,5.0,255.0,4.710063291139241,Kreis 9
6590086.0,1,,255.0,4.710063291139241,Kreis 9
28727397.0,1,4.79,255.0,4.710063291139241,Kreis 9
51503972.0,1,,255.0,4.710063291139241,Kreis 9
11307775.0,1,,255.0,4.710063291139241,Kreis 9
4425602.0,1,4.53,255.0,4.710063291139241,Kreis 9
25436446.0,1,4.95,255.0,4.710063291139241,Kreis 9
1962016.0,1,4.78,255.0,4.710063291139241,Kreis 9
7673510.0,1,4.84,255.0,4.710063291139241,Kreis 9
7646490.0,1,4.72,255.0,4.710063291139241,Kreis 9
45216588.0,1,4.67,255.0,4.710063291139241,Kreis 9
15797502.0,1,5.0,255.0,4.710063291139241,Kreis 9
50677733.0,1,4.45,255.0,4.710063291139241,Kreis 9
7673299.0,1,4.89,255.0,4.710063291139241,Kreis 9
15766767.0,1,4.83,255.0,4.710063291139241,Kreis 9
3872298.0,1,4.71,255.0,4.710063291139241,Kreis 9
26938547.0,1,4.78,255.0,4.710063291139241,Kreis 9
47946509.0,1,5.0,255.0,4.710063291139241,Kreis 9
15780378.0,1,5.0,255.0,4.710063291139241,Kreis 9
15764019.0,1,4.67,255.0,4.710063291139241,Kreis 9
15796740.0,1,4.29,255.0,4.710063291139241,Kreis 9
38598780.0,1,5.0,255.0,4.710063291139241,Kreis 9
49956108.0,1,5.0,255.0,4.710063291139241,Kreis 9
2869105.0,1,4.5,255.0,4.710063291139241,Kreis 9
42240657.0,1,4.42,255.0,4.710063291139241,Kreis 9
27841494.0,1,4.89,255.0,4.710063291139241,Kreis 9
27596262.0,1,4.63,255.0,4.710063291139241,Kreis 9
21508610.0,1,4.98,188.0,4.7970289855072465,Kreis 10
50807277.0,1,5.0,188.0,4.7970289855072465,Kreis 10
706997.0,1,4.0,188.0,4.7970289855072465,Kreis 10
32309176.0,1,5.0,188.0,4.7970289855072465,Kreis 10
13060550.0,1,5.0,188.0,4.7970289855072465,Kreis 10
14652186.0,1,4.92,188.0,4.7970289855072465,Kreis 10
50631529.0,1,,188.0,4.7970289855072465,Kreis 10
21170147.0,1,5.0,188.0,4.7970289855072465,Kreis 10
37478466.0,1,5.0,188.0,4.7970289855072465,Kreis 10
33993690.0,1,4.89,188.0,4.7970289855072465,Kreis 10
46465467.0,1,4.94,188.0,4.7970289855072465,Kreis 10
50964762.0,1,,188.0,4.7970289855072465,Kreis 10
53807670.0,1,5.0,188.0,4.7970289855072465,Kreis 10
43665293.0,1,4.97,188.0,4.7970289855072465,Kreis 10
18966169.0,1,5.0,188.0,4.7970289855072465,Kreis 10
27497241.0,1,5.0,188.0,4.7970289855072465,Kreis 10
16238364.0,1,4.92,188.0,4.7970289855072465,Kreis 10
43676444.0,1,4.87,188.0,4.7970289855072465,Kreis 10
204586.0,1,,188.0,4.7970289855072465,Kreis 10
50967315.0,1,5.0,188.0,4.7970289855072465,Kreis 10
43531619.0,1,4.86,188.0,4.7970289855072465,Kreis 10
45131577.0,1,,188.0,4.7970289855072465,Kreis 10
1137339.0,1,4.93,188.0,4.7970289855072465,Kreis 10
49500112.0,1,4.83,188.0,4.7970289855072465,Kreis 10
20977621.0,1,4.93,188.0,4.7970289855072465,Kreis 10
19185438.0,1,4.63,188.0,4.7970289855072465,Kreis 10
44724580.0,1,4.76,188.0,4.7970289855072465,Kreis 10
13754939.0,1,4.0,188.0,4.7970289855072465,Kreis 10
577683.0,1,5.0,188.0,4.7970289855072465,Kreis 10
10121853.0,1,5.0,188.0,4.7970289855072465,Kreis 10
34554342.0,1,4.91,188.0,4.7970289855072465,Kreis 10
38354161.0,1,4.77,188.0,4.7970289855072465,Kreis 10
37559006.0,1,4.71,188.0,4.7970289855072465,Kreis 10
21497605.0,1,4.33,188.0,4.7970289855072465,Kreis 10
24878943.0,1,4.8,188.0,4.7970289855072465,Kreis 10
38390111.0,1,4.97,188.0,4.7970289855072465,Kreis 10
51760091.0,1,4.8,188.0,4.7970289855072465,Kreis 10
15253929.0,1,4.89,188.0,4.7970289855072465,Kreis 10
47366473.0,1,4.86,188.0,4.7970289855072465,Kreis 10
9598058.0,1,4.25,188.0,4.7970289855072465,Kreis 10
5343043.0,1,1.0,188.0,4.7970289855072465,Kreis 10
44643856.0,1,5.0,188.0,4.7970289855072465,Kreis 10
20246499.0,1,4.69,188.0,4.7970289855072465,Kreis 10
49587231.0,1,5.0,188.0,4.7970289855072465,Kreis 10
27106373.0,1,4.43,188.0,4.7970289855072465,Kreis 10
50004085.0,1,4.86,188.0,4.7970289855072465,Kreis 10
32857404.0,1,,188.0,4.7970289855072465,Kreis 10
36346490.0,1,4.91,188.0,4.7970289855072465,Kreis 10
53305756.0,1,5.0,188.0,4.7970289855072465,Kreis 10
620130.0,1,4.84,188.0,4.7970289855072465,Kreis 10
13628128.0,1,5.0,188.0,4.7970289855072465,Kreis 10
706972.0,1,4.88,188.0,4.7970289855072465,Kreis 10
16595111.0,1,4.44,188.0,4.7970289855072465,Kreis 10
51029999.0,1,4.85,188.0,4.7970289855072465,Kreis 10
37426680.0,1,4.88,188.0,4.7970289855072465,Kreis 10
43863916.0,1,4.95,188.0,4.7970289855072465,Kreis 10
26702871.0,1,,188.0,4.7970289855072465,Kreis 10
16145275.0,1,,188.0,4.7970289855072465,Kreis 10
48048562.0,1,5.0,188.0,4.7970289855072465,Kreis 10
27607825.0,1,4.62,188.0,4.7970289855072465,Kreis 10
251204.0,1,5.0,188.0,4.7970289855072465,Kreis 10
15862347.0,1,4.94,188.0,4.7970289855072465,Kreis 10
54324510.0,1,5.0,188.0,4.7970289855072465,Kreis 10
53167399.0,1,5.0,188.0,4.7970289855072465,Kreis 10
12242242.0,1,5.0,188.0,4.7970289855072465,Kreis 10
39334649.0,1,4.98,188.0,4.7970289855072465,Kreis 10
15096070.0,1,4.8,188.0,4.7970289855072465,Kreis 10
16435353.0,1,4.74,188.0,4.7970289855072465,Kreis 10
14781925.0,1,5.0,188.0,4.7970289855072465,Kreis 10
20992774.0,1,5.0,188.0,4.7970289855072465,Kreis 10
24078602.0,1,4.89,188.0,4.7970289855072465,Kreis 10
40276545.0,1,4.47,188.0,4.7970289855072465,Kreis 10
31606785.0,1,5.0,188.0,4.7970289855072465,Kreis 10
41683640.0,1,,188.0,4.7970289855072465,Kreis 10
49500963.0,1,5.0,188.0,4.7970289855072465,Kreis 10
12531745.0,1,4.89,188.0,4.7970289855072465,Kreis 10
47791522.0,1,,188.0,4.7970289855072465,Kreis 10
48656815.0,1,5.0,188.0,4.7970289855072465,Kreis 10
30970971.0,1,4.75,188.0,4.7970289855072465,Kreis 10
28484637.0,1,5.0,188.0,4.7970289855072465,Kreis 10
4475762.0,1,4.77,188.0,4.7970289855072465,Kreis 10
39581430.0,1,4.95,188.0,4.7970289855072465,Kreis 10
40046792.0,1,,188.0,4.7970289855072465,Kreis 10
45053235.0,1,,188.0,4.7970289855072465,Kreis 10
5352022.0,1,,188.0,4.7970289855072465,Kreis 10
49807218.0,1,4.86,188.0,4.7970289855072465,Kreis 10
7684956.0,1,4.92,188.0,4.7970289855072465,Kreis 10
24433771.0,1,4.99,188.0,4.7970289855072465,Kreis 10
1982405.0,1,4.69,188.0,4.7970289855072465,Kreis 10
45053481.0,1,4.0,188.0,4.7970289855072465,Kreis 10
7589458.0,1,4.61,305.0,4.650624999999999,Kreis 11
22609744.0,1,,305.0,4.650624999999999,Kreis 11
38632737.0,1,4.39,305.0,4.650624999999999,Kreis 11
51638184.0,1,4.23,305.0,4.650624999999999,Kreis 11
46503847.0,1,,305.0,4.650624999999999,Kreis 11
36908145.0,1,4.79,305.0,4.650624999999999,Kreis 11
5378507.0,1,,305.0,4.650624999999999,Kreis 11
54030514.0,1,3.0,305.0,4.650624999999999,Kreis 11
15673758.0,1,5.0,305.0,4.650624999999999,Kreis 11
49644994.0,1,5.0,305.0,4.650624999999999,Kreis 11
24193619.0,1,4.8,305.0,4.650624999999999,Kreis 11
6007128.0,1,4.8,305.0,4.650624999999999,Kreis 11
54290937.0,1,5.0,305.0,4.650624999999999,Kreis 11
33182216.0,1,4.3,305.0,4.650624999999999,Kreis 11
53966197.0,1,5.0,305.0,4.650624999999999,Kreis 11
53048373.0,1,4.5,305.0,4.650624999999999,Kreis 11
10006040.0,1,3.8,305.0,4.650624999999999,Kreis 11
43292018.0,1,4.36,305.0,4.650624999999999,Kreis 11
11786259.0,1,4.86,305.0,4.650624999999999,Kreis 11
38631483.0,1,4.68,305.0,4.650624999999999,Kreis 11
54306636.0,1,4.88,305.0,4.650624999999999,Kreis 11
44431025.0,1,,305.0,4.650624999999999,Kreis 11
32825753.0,1,4.86,305.0,4.650624999999999,Kreis 11
8271883.0,1,4.9,305.0,4.650624999999999,Kreis 11
11977829.0,1,4.67,305.0,4.650624999999999,Kreis 11
610348.0,1,4.73,305.0,4.650624999999999,Kreis 11
40730880.0,1,4.91,305.0,4.650624999999999,Kreis 11
53975416.0,1,5.0,305.0,4.650624999999999,Kreis 11
48746825.0,1,,305.0,4.650624999999999,Kreis 11
38925931.0,1,4.7,305.0,4.650624999999999,Kreis 11
46615115.0,1,4.86,305.0,4.650624999999999,Kreis 11
50187970.0,1,4.0,305.0,4.650624999999999,Kreis 11
52945329.0,1,4.2,305.0,4.650624999999999,Kreis 11
28428989.0,1,4.39,305.0,4.650624999999999,Kreis 11
4230607.0,1,4.92,305.0,4.650624999999999,Kreis 11
50357188.0,1,5.0,305.0,4.650624999999999,Kreis 11
15672243.0,1,5.0,305.0,4.650624999999999,Kreis 11
39971447.0,1,4.26,305.0,4.650624999999999,Kreis 11
54012299.0,1,,305.0,4.650624999999999,Kreis 11
46499390.0,1,1.0,305.0,4.650624999999999,Kreis 11
15654684.0,1,4.33,305.0,4.650624999999999,Kreis 11
9929768.0,1,4.67,305.0,4.650624999999999,Kreis 11
53875757.0,1,4.83,305.0,4.650624999999999,Kreis 11
15853113.0,1,4.93,305.0,4.650624999999999,Kreis 11
15672687.0,1,5.0,305.0,4.650624999999999,Kreis 11
15653745.0,1,4.92,305.0,4.650624999999999,Kreis 11
54290928.0,1,4.74,305.0,4.650624999999999,Kreis 11
48745703.0,1,4.69,305.0,4.650624999999999,Kreis 11
54030499.0,1,5.0,305.0,4.650624999999999,Kreis 11
15674116.0,1,4.67,305.0,4.650624999999999,Kreis 11
24925488.0,1,4.75,305.0,4.650624999999999,Kreis 11
17918837.0,1,4.98,305.0,4.650624999999999,Kreis 11
15654860.0,1,5.0,305.0,4.650624999999999,Kreis 11
10005298.0,1,4.5,305.0,4.650624999999999,Kreis 11
53975418.0,1,,305.0,4.650624999999999,Kreis 11
47496652.0,1,5.0,305.0,4.650624999999999,Kreis 11
1599790.0,1,5.0,305.0,4.650624999999999,Kreis 11
21764617.0,1,4.79,305.0,4.650624999999999,Kreis 11
45636577.0,1,4.88,305.0,4.650624999999999,Kreis 11
12469141.0,1,4.62,305.0,4.650624999999999,Kreis 11
24661646.0,1,4.67,305.0,4.650624999999999,Kreis 11
15673613.0,1,4.75,305.0,4.650624999999999,Kreis 11
38632424.0,1,4.6,305.0,4.650624999999999,Kreis 11
15673943.0,1,5.0,305.0,4.650624999999999,Kreis 11
54012373.0,1,5.0,305.0,4.650624999999999,Kreis 11
35142524.0,1,4.93,305.0,4.650624999999999,Kreis 11
53453164.0,1,5.0,305.0,4.650624999999999,Kreis 11
15782270.0,1,4.82,305.0,4.650624999999999,Kreis 11
52835238.0,1,5.0,305.0,4.650624999999999,Kreis 11
22460153.0,1,4.7,305.0,4.650624999999999,Kreis 11
10892010.0,1,4.86,305.0,4.650624999999999,Kreis 11
27655386.0,1,5.0,305.0,4.650624999999999,Kreis 11
54009704.0,1,5.0,305.0,4.650624999999999,Kreis 11
50618312.0,1,4.96,305.0,4.650624999999999,Kreis 11
14823254.0,1,4.82,305.0,4.650624999999999,Kreis 11
46555663.0,1,4.0,305.0,4.650624999999999,Kreis 11
38812298.0,1,4.96,305.0,4.650624999999999,Kreis 11
48746474.0,1,4.89,305.0,4.650624999999999,Kreis 11
49728271.0,1,4.69,305.0,4.650624999999999,Kreis 11
15674393.0,1,4.75,305.0,4.650624999999999,Kreis 11
10006714.0,1,5.0,305.0,4.650624999999999,Kreis 11
7613086.0,1,4.62,305.0,4.650624999999999,Kreis 11
44369404.0,1,4.67,305.0,4.650624999999999,Kreis 11
28848808.0,1,4.94,305.0,4.650624999999999,Kreis 11
12844495.0,1,4.67,305.0,4.650624999999999,Kreis 11
22610019.0,1,,305.0,4.650624999999999,Kreis 11
37875606.0,1,,305.0,4.650624999999999,Kreis 11
22608669.0,1,4.0,305.0,4.650624999999999,Kreis 11
13720909.0,1,4.52,305.0,4.650624999999999,Kreis 11
22609939.0,1,,305.0,4.650624999999999,Kreis 11
32655202.0,1,,305.0,4.650624999999999,Kreis 11
53308677.0,1,4.78,305.0,4.650624999999999,Kreis 11
22608555.0,1,4.8,305.0,4.650624999999999,Kreis 11
22608276.0,1,,305.0,4.650624999999999,Kreis 11
22609894.0,1,4.8,305.0,4.650624999999999,Kreis 11
32826455.0,1,5.0,305.0,4.650624999999999,Kreis 11
22613030.0,1,,305.0,4.650624999999999,Kreis 11
37510070.0,1,4.5,305.0,4.650624999999999,Kreis 11
11266276.0,1,4.71,305.0,4.650624999999999,Kreis 11
29692684.0,1,4.5,305.0,4.650624999999999,Kreis 11
22608635.0,1,,305.0,4.650624999999999,Kreis 11
22608164.0,1,,305.0,4.650624999999999,Kreis 11
22609860.0,1,3.0,305.0,4.650624999999999,Kreis 11
22608468.0,1,,305.0,4.650624999999999,Kreis 11
22609983.0,1,,305.0,4.650624999999999,Kreis 11
22608722.0,1,,305.0,4.650624999999999,Kreis 11
16222729.0,1,,305.0,4.650624999999999,Kreis 11
11334434.0,1,4.73,305.0,4.650624999999999,Kreis 11
5000434.0,1,4.62,305.0,4.650624999999999,Kreis 11
46694814.0,1,,305.0,4.650624999999999,Kreis 11
45874380.0,1,,305.0,4.650624999999999,Kreis 11
22609828.0,1,4.0,305.0,4.650624999999999,Kreis 11
8627237.0,1,5.0,305.0,4.650624999999999,Kreis 11
6534203.0,1,4.91,305.0,4.650624999999999,Kreis 11
18355296.0,1,4.64,305.0,4.650624999999999,Kreis 11
22611779.0,1,5.0,305.0,4.650624999999999,Kreis 11
22609774.0,1,,305.0,4.650624999999999,Kreis 11
34300920.0,1,5.0,305.0,4.650624999999999,Kreis 11
21931545.0,1,,305.0,4.650624999999999,Kreis 11
52311609.0,1,4.33,305.0,4.650624999999999,Kreis 11
43599013.0,1,,305.0,4.650624999999999,Kreis 11
26524803.0,1,4.77,305.0,4.650624999999999,Kreis 11
38566045.0,1,4.67,305.0,4.650624999999999,Kreis 11
45844489.0,1,4.84,305.0,4.650624999999999,Kreis 11
37173271.0,1,,305.0,4.650624999999999,Kreis 11
5744466.0,1,4.8,305.0,4.650624999999999,Kreis 11
11728256.0,1,4.5,305.0,4.650624999999999,Kreis 11
29843172.0,1,,305.0,4.650624999999999,Kreis 11
12994188.0,1,4.64,305.0,4.650624999999999,Kreis 11
43480808.0,1,4.89,305.0,4.650624999999999,Kreis 11
20621446.0,1,4.7,305.0,4.650624999999999,Kreis 11
50789124.0,1,4.0,305.0,4.650624999999999,Kreis 11
33465322.0,1,4.85,305.0,4.650624999999999,Kreis 11
27519163.0,1,5.0,305.0,4.650624999999999,Kreis 11
22612904.0,1,5.0,305.0,4.650624999999999,Kreis 11
45282741.0,1,4.33,305.0,4.650624999999999,Kreis 11
21419036.0,1,5.0,305.0,4.650624999999999,Kreis 11
48500731.0,1,5.0,305.0,4.650624999999999,Kreis 11
20795036.0,1,4.86,305.0,4.650624999999999,Kreis 11
21432677.0,1,5.0,305.0,4.650624999999999,Kreis 11
33740170.0,1,4.52,305.0,4.650624999999999,Kreis 11
14332188.0,1,5.0,305.0,4.650624999999999,Kreis 11
33572316.0,1,4.53,305.0,4.650624999999999,Kreis 11
45746693.0,1,,305.0,4.650624999999999,Kreis 11
20025745.0,1,,305.0,4.650624999999999,Kreis 11
4850468.0,1,5.0,305.0,4.650624999999999,Kreis 11
43200807.0,1,4.83,305.0,4.650624999999999,Kreis 11
49496447.0,1,,305.0,4.650624999999999,Kreis 11
39597292.0,1,,305.0,4.650624999999999,Kreis 11
11612942.0,1,4.82,305.0,4.650624999999999,Kreis 11
45879401.0,1,,305.0,4.650624999999999,Kreis 11
43466411.0,1,,305.0,4.650624999999999,Kreis 11
15541196.0,1,4.88,305.0,4.650624999999999,Kreis 11
19449226.0,1,,305.0,4.650624999999999,Kreis 11
11830455.0,1,4.78,305.0,4.650624999999999,Kreis 11
52080414.0,1,4.57,305.0,4.650624999999999,Kreis 11
898829.0,1,4.93,305.0,4.650624999999999,Kreis 11
22951344.0,1,4.5,305.0,4.650624999999999,Kreis 11
22612724.0,1,5.0,305.0,4.650624999999999,Kreis 11
47857524.0,1,5.0,305.0,4.650624999999999,Kreis 11
32765207.0,1,5.0,66.0,4.655,Kreis 12
44022463.0,1,,66.0,4.655,Kreis 12
8864969.0,1,5.0,66.0,4.655,Kreis 12
27894926.0,1,4.92,66.0,4.655,Kreis 12
52809300.0,1,5.0,66.0,4.655,Kreis 12
15863621.0,1,,66.0,4.655,Kreis 12
51698208.0,1,4.57,66.0,4.655,Kreis 12
46741041.0,1,4.81,66.0,4.655,Kreis 12
11798707.0,1,,66.0,4.655,Kreis 12
52663121.0,1,5.0,66.0,4.655,Kreis 12
36404528.0,1,,66.0,4.655,Kreis 12
44114120.0,1,5.0,66.0,4.655,Kreis 12
51994536.0,1,4.94,66.0,4.655,Kreis 12
14165529.0,1,4.54,66.0,4.655,Kreis 12
6080762.0,1,4.5,66.0,4.655,Kreis 12
9338171.0,1,4.93,66.0,4.655,Kreis 12
9336821.0,1,4.95,66.0,4.655,Kreis 12
21433086.0,1,4.25,66.0,4.655,Kreis 12
,1727,4.717402826855124,,,
